Country,Country Code,2000 [YR2000],2001 [YR2001],2002 [YR2002],2003 [YR2003],2004 [YR2004],2005 [YR2005],2006 [YR2006],2007 [YR2007],2008 [YR2008],2009 [YR2009],2010 [YR2010],2011 [YR2011],2012 [YR2012],2013 [YR2013],2014 [YR2014],2015 [YR2015],2016 [YR2016],2017 [YR2017],2018 [YR2018],2019 [YR2019],2020 [YR2020]
Afghanistan,AFG,..,..,..,8.832277813,1.414117981,11.22971482,5.357403251,13.82631955,3.924983822,21.39052839,14.36244147,0.426354785,12.75228709,5.600744658,2.724543364,1.45131466,2.260314201,2.647003202,1.189228128,3.911603419,-1.934778249
Albania,ALB,6.950036134,8.290070027,4.53996064,5.530050778,5.509998693,5.529914809,5.900083957,5.979982036,7.49996956,3.350066528,3.706892301,2.545321845,1.417525992,1.00198715,1.774486785,2.218752232,3.314804753,3.802197488,4.071301295,2.173692288,-3.311239444
Algeria,DZA,3.8,3,5.6,7.2,4.3,5.9,1.7,3.4,2.4,1.6,3.6,2.899999999,3.4,2.8,3.8,3.7,3.2,1.3,1.2,0.8,-5.480991935
American Samoa,ASM,..,..,..,0.965517241,0.409836066,-0.408163265,-4.098360656,1.851851852,-2.657342657,-4.166666667,0.299850075,0,-4.334828102,-2.5,1.762820513,3.149606299,-1.679389313,-6.98757764,3.338898164,-1.453957997,..
Andorra,AND,3.528362361,8.119357722,4.546362214,8.694203716,8.135676338,5.397795985,4.808688699,1.553188141,-5.559186369,-5.302846543,-1.974958,-0.008069753,-4.974443719,-3.547596515,2.504465521,1.434140395,3.70967807,0.34607189,1.58876549,2.015547638,-11.95605842
Angola,AGO,3.054624234,4.205998556,13.66568652,2.98985001,10.95286177,15.02891532,11.54768318,14.01001824,11.16613833,0.858712615,4.403932543,3.471976345,8.542187643,4.954544646,4.822627568,0.943571561,-2.580049644,-0.147212941,-2.003629727,-0.624644318,-4.04051
Antigua and Barbuda,ATG,6.203431254,-4.548003473,1.02744197,6.076543688,5.767028612,6.473831316,12.70814853,9.315383163,-0.014340652,-11.96269725,-7.840594744,-1.958612628,3.3728662,-0.600876397,3.795727613,3.825293099,5.497788456,3.144598617,6.950416555,3.351160885,-15.97350964
Argentina,ARG,-0.788998939,-4.408839683,-10.89448483,8.837040796,9.029573301,8.85165992,8.0471515,9.007650875,4.057233103,-5.918525076,10.12539816,6.003951693,-1.026420454,2.405323781,-2.512615321,2.731159828,-2.080327844,2.818502978,-2.565351882,-2.088014861,-9.905234856
Armenia,ARM,5.900000003,9.599999999,13.2,14,10.5,13.9,13.2,13.7,6.9,-14.1,2.2,4.699999999,7.200000001,3.3,3.600000001,3.199999999,0.2,7.500000002,5.2,7.599999999,-7.6
Aruba,ABW,7.616588194,-2.971256724,-3.273646411,1.975547262,7.911563466,1.214349349,1.050607528,1.800225971,-0.090708046,-10.51974854,-3.685029387,3.44605475,-1.369863014,4.198232323,0.3,5.700000876,2.099999586,1.999999104,..,..,..
Australia,AUS,3.933136945,1.930857592,4.001404062,2.985934322,4.055451968,3.204269793,2.794537024,3.844230316,3.657953526,1.93699392,2.067417128,2.462756312,3.918162871,2.584897702,2.533114665,2.192647426,2.770652197,2.300610624,2.949285772,2.160956295,-0.284839298
Austria,AUT,3.375722147,1.267168189,1.651553922,0.941470921,2.735120222,2.244065325,3.454041836,3.727415301,1.460423676,-3.764578178,1.837093677,2.922797284,0.680445577,0.025504712,0.661272849,1.014501586,1.989437162,2.399587603,2.580120733,1.418734272,-6.590410425
Azerbaijan,AZE,11.0999995,9.90000013,9.438916342,10.20830001,9.253801326,27.96153807,34.46620936,25.46321591,10.59143729,9.369074777,4.789242792,-1.572997621,2.202939023,5.843415762,2.797585434,1.049546368,-3.063598454,0.153614647,1.500401707,2.480151591,-4.309989133
"Bahamas, The",BHS,4.149234046,2.625159596,2.704670969,-1.264526295,0.882740185,3.395260082,2.516853933,1.446733889,-2.323507236,-4.175805556,1.538385972,0.613384158,3.08668686,-2.678979525,1.054316467,0.230478124,1.444036489,3.115613515,3.025999168,1.217873857,-16.27773826
Bahrain,BHR,5.300070056,2.490948108,3.348550668,6.296441979,6.980960594,6.768997871,6.467000122,8.293960448,6.245010775,2.539885936,4.334299173,1.983515012,3.72810843,5.41683981,4.350390853,2.485378558,3.558128119,4.290949778,1.720972887,1.98971355,-5.814683428
Bangladesh,BGD,5.293294718,5.077287776,3.83312394,4.739567399,5.23953291,6.535944941,6.671904981,7.058599357,6.013789759,5.045124794,5.571788188,6.464379123,6.521458781,6.013605658,6.061059359,6.552639879,7.113478213,7.284174423,7.86374303,8.152684947,2.375521656
Barbados,BRB,4.447189623,-2.365464222,0.787401575,2.175480769,1.411598635,3.955457604,5.90270029,2.202086187,0.701030928,-5.077805078,-2.28645384,-0.673289183,-0.455606178,-1.406563965,-0.124547101,2.448701961,2.478698683,0.475110679,-0.580333154,-0.096135553,-17.6053641
Belarus,BLR,5.80000344,4.725305994,5.04526748,7.043192559,11.44974311,9.400001524,9.999994812,8.600006536,10.19999944,0.19999531,7.798266823,5.37870745,1.687135536,1.003470841,1.726384854,-3.829570558,-2.526446436,2.5321835,3.149197594,1.4,-0.9
Belgium,BEL,3.716679384,1.099618888,1.706884585,1.037982549,3.571204343,2.321737054,2.552349944,3.676881136,0.446928735,-2.020743062,2.864292708,1.694513899,0.739217283,0.459242193,1.578533143,2.041459009,1.266686409,1.621547198,1.787920078,1.784694379,-6.283929951
Belize,BLZ,13.01958111,4.681632902,4.732409386,9.333608508,4.789942265,1.940902944,4.825480179,0.511017927,3.489802978,0.217461105,3.003529489,1.920864829,2.416382544,1.300691197,4.037129186,2.63368999,-0.032010557,1.812936351,2.908565072,1.76082496,-14.03842116
Benin,BEN,5.857714205,5.333135706,4.643030871,3.443576776,4.429684554,1.713164564,3.943738828,5.986349322,4.896577084,2.319292139,2.114064726,2.963752919,4.811223316,7.191433721,6.357679098,1.77815106,3.339673426,5.671555469,6.697259461,6.865687336,3.8487924
Bermuda,BMU,9.317156411,7.222435538,-1.477790598,3.410706677,2.321267223,1.674206114,5.54386638,3.345139709,-1.865955826,-5.626697711,-2.502878289,-3.742744317,-5.305299107,-0.279708545,-3.701067594,0.7755297,-0.657206304,3.611419837,-0.4328013,0.459889943,..
Bhutan,BTN,3.355068285,8.348954483,10.99228184,7.823302361,6.008742236,7.287249352,6.999738095,18.36085406,4.799460612,6.748333748,11.945896,7.982617041,5.118400858,2.119972633,5.77649568,6.642232105,8.127033538,4.651834675,3.055129837,5.46452256,-6.772101611
Bolivia,BOL,2.507807553,1.683800939,2.485564847,2.711340707,4.173294318,4.421434767,4.797009171,4.564382752,6.148497195,3.357001259,4.126721926,5.204092443,5.122275581,6.796011428,5.460569506,4.85718718,4.263920864,4.195206334,4.223623653,2.21670564,-7.82328995
Bosnia and Herzegovina,BIH,5.500000276,4.399999319,5.300000812,3.999999711,6.099966745,8.759256822,5.414003571,5.859118402,5.441846789,-3.00445593,0.86566926,0.959511247,-0.821836474,2.349856663,1.153851092,3.089164152,3.149806916,3.171434875,3.740071092,2.831002603,-4.327345806
Botswana,BWA,1.987695854,0.250573867,6.069530868,4.625894792,2.705821737,4.556645657,8.363871069,8.276763793,6.245437363,-7.652310203,8.563630792,6.048361455,4.456144471,11.34339697,4.149262255,-1.697935427,4.303767448,2.903997732,4.478836553,3.025910054,-7.893053589
Brazil,BRA,4.387949443,1.389896403,3.053461858,1.140828998,5.759964639,3.20213138,3.961988722,6.069870608,5.094195447,-0.125811999,7.52822583,3.974425406,1.921150318,3.004846305,0.50395574,-3.545763393,-3.275916908,1.322869055,1.783666761,1.411152985,-4.059048273
British Virgin Islands,VGB,..,..,..,..,..,..,..,..,..,..,..,..,..,..,..,..,..,..,..,..,..
Brunei Darussalam,BRN,2.849421858,2.744040518,3.872096967,2.903955477,0.504318253,0.387507208,4.397719678,0.154581812,-1.939714638,-1.764535541,2.598965746,3.745318352,0.912841671,-2.126028517,-2.508352566,-0.39238375,-2.477917718,1.328602552,0.052237791,3.869109803,1.203001939
Bulgaria,BGR,4.782043523,3.817239752,5.953034408,5.151841011,6.441859463,7.153541381,6.802167579,6.557081052,6.085627607,-3.374838329,0.55944649,2.354556923,0.356586983,0.325769436,1.885464638,3.989851714,3.82043453,3.50275153,3.092447654,3.69430838,-4.15370283
Burkina Faso,BFA,1.888473889,6.613405745,4.35296383,7.802493889,4.478452137,8.661873228,6.253164688,4.111379018,5.799991741,2.961950859,8.446281577,6.622562613,6.45267238,5.792584845,4.326845615,3.921228794,5.957976708,6.203489411,6.731235608,5.699434934,2.022384695
Burundi,BDI,-0.856864058,2.055807108,4.446519412,-1.22372796,4.833657768,0.900000001,5.413807145,3.45195249,4.861712995,3.812746937,5.124163303,4.032602496,4.446708222,4.924195261,4.240651644,-3.900003086,-0.600020001,0.500009999,1.609933082,1.842476677,0.297577119
Cabo Verde,CPV,14.28486883,2.231654493,5.250891246,4.176259302,10.19707261,6.912457988,7.983750447,15.17068797,6.650520523,-1.270425968,1.466790097,3.968886345,1.081918279,0.802797601,0.611212666,1.006863707,4.705791509,3.702039188,4.531161684,5.66775246,-14.78340501
Cambodia,KHM,9.993580322,8.148386098,6.578939502,8.505895557,10.34052878,13.25008691,10.77108367,10.21257391,6.691577475,0.086696959,5.963078575,7.069569946,7.313345505,7.356665149,7.142571101,7.115694555,6.939060604,6.8414315,7.469169207,7.054106932,-3.141034806
Cameroon,CMR,3.553374364,4.368084242,4.237203677,4.567195256,6.780955924,2.020662307,3.457668793,4.902201732,3.488800919,2.198664102,3.422507641,4.129277161,4.543265016,5.40426571,5.884059327,5.651463744,4.648481551,3.549087318,4.06248684,3.720711423,0.730339198
Canada,CAN,4.917762744,1.405527589,3.422146171,3.811090153,3.914028782,4.995860869,4.165817627,6.868608857,1.007622695,-2.928400167,3.08949462,3.146881372,1.762222549,2.329122506,2.870036075,0.659176864,1.001394414,3.039880225,2.429547545,1.861415379,-5.402798553
Cayman Islands,CYM,..,..,..,..,..,..,..,3.162625227,-0.357401201,-7.200482447,-2.715635262,1.169062198,1.229753657,1.27933102,2.654527985,2.833122226,3.239976888,3.184043376,4.19434091,3.817100404,..
Central African Republic,CAF,-2.48943244,4.464739026,3.616542192,-5.397485219,5.994884228,0.908210515,4.77108543,4.607534855,2.054130962,8.587260426,4.630818432,4.194615337,5.053761254,-36.3919771,0.081070515,4.33712103,4.750316841,4.527278213,3.789443593,3,0
Chad,TCD,-0.879681025,11.65813465,8.491209819,14.72166701,33.62937185,17.33253374,0.648262014,3.271499579,3.052691532,4.217695552,13.55010086,0.082869798,8.882576072,5.700001363,6.899985045,2.767675685,-6.255527085,-2.988695986,2.3740378,3.247181917,-0.890209999
Channel Islands,CHI,5.826641469,-1.51296126,-1.632206598,-3.202156942,0.224197396,1.377734157,4.882299364,5.898329661,..,..,..,..,..,..,..,..,..,..,..,..,..
Chile,CHL,5.326938419,3.303047313,3.106970532,4.091047685,7.209539709,5.742830489,6.317176343,4.905324504,3.529530553,-1.564239443,5.844177296,6.110918829,5.318628,4.045004298,1.766739784,2.303767036,1.711089289,1.184544707,3.713859177,0.942005307,-5.771501669
China,CHN,8.490093406,8.335733478,9.13363079,10.03803048,10.11362138,11.39459181,12.72095567,14.23086093,9.65067892,9.398725632,10.63587106,9.550832179,7.863736449,7.766150098,7.425763656,7.041328879,6.848762205,6.947200793,6.749773832,5.949714233,2.3
Colombia,COL,2.924861483,1.677898308,2.503980466,3.918271904,5.333022067,4.828761108,6.716868698,6.738194691,3.283446186,1.139648645,4.494658971,6.947891982,3.912635767,5.13399352,4.499030001,2.955901375,2.087382502,1.359360868,2.564324283,3.281116805,-6.847314206
Comoros,COM,10.84787862,2.332907102,2.324944861,2.103871636,1.919659807,2.83754787,2.646955476,0.800042349,3.999971991,3.200113112,3.799933455,4.099846955,3.200272903,4.499874215,2.100006438,1.116140583,3.320680025,3.815702113,3.430764136,1.986109505,4.910777475
"Congo, Dem. Rep.",COD,-6.910927317,-2.100173025,2.947765184,5.577822311,6.738373933,6.135151155,5.320979565,6.259477764,6.225894269,2.85506401,7.107976576,6.87467089,7.086898947,8.481956636,9.470288097,6.91618781,2.399379098,3.726947653,5.8211211,4.384528881,0.773457032
"Congo, Rep.",COG,7.575980395,3.802601899,4.581870061,0.813264076,3.476631621,7.755758978,7.986238363,-6.613994804,6.306375956,11.63728886,9.931265431,2.205919363,9.947153143,-0.712434452,6.716679334,-3.550581765,-10.70209626,-4.373500998,-4.846001061,0.232123661,-7.948712902
Costa Rica,CRI,3.868718088,3.491169873,3.41687639,4.317179866,4.424599597,3.976666368,7.326695432,8.215131984,4.738174878,-0.873455943,5.360343526,4.40315924,4.882592369,2.494766108,3.542109878,3.652080968,4.204323252,4.157698963,2.05620273,2.167951807,-4.539965917
Cote d'Ivoire,CIV,-2.068400057,0.121371916,-1.667642138,-1.359535943,1.23177284,1.721247367,1.515842363,1.765036784,2.542841476,3.251453718,2.017638592,-4.387254789,10.7065041,8.889421302,8.79407739,8.84285995,7.179207824,7.359638088,6.89028432,6.231709513,1.816441461
Croatia,HRV,2.861746843,2.957710083,5.67815671,5.635798518,4.154576856,4.308493379,4.993287632,5.067625135,1.8934529,-7.323537319,-1.31656298,-0.198369263,-2.391774269,-0.447092177,-0.341452517,2.431888573,3.498134992,3.439217352,2.807609701,2.858925968,-8.367378217
Cuba,CUB,5.914760174,3.185029904,1.424821261,3.792740223,5.77053807,11.20165642,12.06586311,7.262136966,4.116828042,1.451305431,2.390352297,2.802300836,3.014900289,2.747602563,1.047576632,4.438141959,0.513761468,1.809054399,2.248480393,-0.217448488,..
Curacao,CUW,..,-0.695752956,0.397065105,0.288184819,0.208461863,0.676426257,1.63593427,2.469962305,2.188044622,-0.53130945,0.08230596,0.612608577,-0.138917069,-0.794106769,-1.138838621,0.278694931,-0.986569701,-1.73976542,-2.166131078,-3.4,..
Cyprus,CYP,5.965310315,3.952560541,3.722956499,2.623286123,5.026343926,4.853003838,4.713828666,5.098068453,3.646811991,-2.015262359,2.014695707,0.401437941,-3.446822086,-6.553078255,-1.829309109,3.21856901,6.438058481,5.154777146,5.240747828,3.075791962,-5.103479519
Czech Republic,CZE,4.001028635,3.042976563,1.569855328,3.583688459,4.814261001,6.60161753,6.766932681,5.570338859,2.686411951,-4.657331092,2.434902159,1.760359624,-0.785004299,-0.045903674,2.262102897,5.388380838,2.53728452,5.168724304,3.198656101,2.313605202,-5.602303764
Denmark,DNK,3.746862595,0.823152998,0.466345571,0.390058556,2.668219267,2.336641308,3.913007978,0.909238928,-0.512016745,-4.90654773,1.870991147,1.336777767,0.226499792,0.933340972,1.619393811,2.342591108,3.245956985,2.821736341,2.175646389,2.849514441,-2.733288945
Djibouti,DJI,..,..,..,..,..,..,..,..,..,..,..,..,..,..,7.061543242,7.696085576,6.652650372,5.403099843,8.407662666,7.770497257,0.5
Dominica,DMA,2.340219321,-0.06384473,-2.827998893,6.353137122,3.050690295,0.655862269,4.659455486,6.352972439,7.121057986,-1.169590643,0.6726344,-0.223550688,-1.059000243,-0.999940631,4.447947365,-2.691108924,2.556494913,-6.79942797,2.29808023,3.459333649,-16.70916029
Dominican Republic,DOM,4.66176228,2.459516368,4.495103403,-1.345706185,2.570134279,9.428236947,9.174355406,7.415951715,3.209504262,0.946155168,8.33965106,3.133423003,2.717367897,4.875205093,7.05046369,6.927018772,6.659200263,4.666704677,6.982527585,5.05216802,-6.720239373
Ecuador,ECU,1.091801564,4.0156299,4.096776659,2.722877337,8.211020917,5.291308267,4.403526434,2.190063972,6.3571306,0.566491592,3.525298669,7.868140919,5.641962067,4.946511267,3.788868549,0.098872608,-1.226383985,2.368386526,1.289291933,0.012105103,-7.750123377
"Egypt, Arab Rep.",EGY,6.370003834,3.535251969,2.390204028,3.193454739,4.092071612,4.471744469,6.843838197,7.087827427,7.156283564,4.6735998,5.147234859,1.764571949,2.226199797,2.185466054,2.91591188,4.372019078,4.346643456,4.181221,5.314121037,5.557683888,3.569669475
El Salvador,SLV,1.12605705,0.877318892,1.580862265,1.562231082,0.890786052,2.707467768,4.342895377,1.860579145,2.570846686,-2.086120492,2.105085752,3.815356138,2.814342809,2.235684893,1.711314783,2.39746263,2.541545026,2.252358774,2.412371287,2.635146667,-7.943984613
Equatorial Guinea,GNQ,18.21377996,63.37987543,19.46283404,13.95525032,37.99872686,16.74870061,7.704917607,15.28211392,17.79910913,1.343356288,-8.924175889,6.52392363,8.312871844,-4.133198501,0.415066302,-9.110041149,-8.816417232,-5.667502957,-6.236550982,-5.978936905,-4.893356474
Eritrea,ERI,-3.141985903,8.755435528,3.005429192,-2.655515925,1.451735566,2.574449551,-0.969217111,1.426822211,-9.783030018,3.876501528,2.194190349,8.679800101,..,..,..,..,..,..,..,..,..
Estonia,EST,10.10652281,5.979600665,6.802392818,7.56668921,6.767457416,9.490298742,9.718761103,7.573578039,-5.088940351,-14.43387019,2.690335599,7.426671578,3.110237736,1.346184732,2.987324825,1.844886677,3.187817083,5.49915471,4.355464765,4.996443785,-2.932248056
Eswatini,SWZ,1.76017376,1.054764906,4.380099088,3.880213586,3.623914226,5.99877655,5.992166838,4.435375577,0.821663914,1.565048852,3.793754968,2.247229761,5.391309307,3.862271882,0.913196495,2.203324126,1.100718394,2.026570236,2.371609694,2.243919525,-1.637027507
Ethiopia,ETH,6.07321748,8.301306321,1.514725706,-2.161359722,13.57260314,11.81876595,10.83472707,11.456167,10.78852169,8.802553198,12.55053835,11.17829623,8.647811633,10.58227005,10.25749296,10.39246302,9.433482658,9.564189643,6.816147797,8.364085699,6.056617792
Faroe Islands,FRO,..,..,..,..,..,..,..,..,..,..,..,..,..,..,..,..,..,..,..,..,..
Fiji,FJI,-1.699998416,2.000000147,3.199999114,0.999999345,5.299999705,0.700000402,1.852483872,-0.85065431,1.03279422,-1.386037708,2.954672422,2.705143029,1.411314382,4.73421949,5.603141161,4.502018108,2.444752967,5.353631074,3.812637219,-0.4453347,-19.04875649
Finland,FIN,5.773362458,2.610019124,1.707148962,2.003784203,3.99209129,2.779850556,4.027409658,5.299336507,0.783995061,-8.074447432,3.185958654,2.547664838,-1.397545728,-0.901696316,-0.364908157,0.543659212,2.811457767,3.19240963,1.311835053,1.272842506,-2.773576706
France,FRA,3.923669227,1.983721419,1.135531482,0.823160757,2.829752929,1.66321998,2.449323601,2.424736243,0.25494596,-2.873313828,1.949437623,2.192700633,0.313134751,0.576326675,0.956183052,1.112912341,1.095464404,2.291419994,1.792863927,1.50859403,-8.114907097
French Polynesia,PYF,4.000000343,..,..,..,..,..,..,..,..,..,..,..,..,..,..,..,..,..,..,..,..
Gabon,GAB,-1.882966398,2.135233422,-0.249033169,2.247330012,0.689543058,2.676203333,-2.806578356,6.008108025,-3.308430649,0.13033112,7.089887315,7.091753343,5.251076918,5.638699003,4.314964441,3.878899395,2.091442208,0.472642031,0.842950946,3.944946204,-1.323936553
"Gambia, The",GMB,5.500000216,5.800000243,-3.25000015,6.869999622,7.050000001,-2.351729362,-0.555580977,3.043249508,6.255905534,6.665724308,5.90833581,-8.130444223,5.241569246,2.87276879,-1.407382495,4.058073804,1.943359655,4.822611249,7.234890333,6.056765744,0
Georgia,GEO,1.838341066,4.805453273,5.473836801,11.05872319,5.794496346,9.589574062,9.419770648,12.57895343,2.418571659,-3.650513631,6.249487768,7.399999867,6.369008306,3.621305352,4.431924823,3.02220738,2.90643878,4.842603225,4.842919885,4.982350475,-6.159672928
Germany,DEU,2.912502964,1.681468481,-0.197973835,-0.700116686,1.175088132,0.731707164,3.816441913,2.976455131,0.959879134,-5.693836336,4.179882499,3.925192705,0.418497594,0.437591303,2.209543431,1.491931528,2.229999868,2.601976005,1.267995232,0.555450888,-4.89654545
Ghana,GHA,3.70000004,4.000000099,4.499999578,5.200000074,5.599999989,5.900003916,6.399912502,4.346819164,9.149798975,4.844486998,7.899711889,14.04712363,9.292789405,7.312525007,2.856240199,2.12075931,3.373465725,8.128894916,6.200077672,6.507774788,0.414443468
Gibraltar,GIB,..,..,..,..,..,..,..,..,..,..,..,..,..,..,..,..,..,..,..,..,..
Greece,GRC,3.919770794,4.131611977,3.922871898,5.794531643,5.060992425,0.599142172,5.652433373,3.273746857,-0.33517238,-4.300733885,-5.479036989,-10.14931457,-7.082353942,-2.741772076,0.698145275,-0.411901538,-0.489852889,1.280824834,1.558977652,1.856675112,-8.247736115
Greenland,GRL,7.101596882,1.269035079,-0.971177311,4.430045721,6.906582837,4.987491771,5.555694901,2.352437981,6.166132702,0.865952329,1.735825059,-0.496519392,1.39419336,-1.298280693,4.742135673,-2.529318024,4.68195411,0.468546638,3.218027331,..,..
Grenada,GRD,4.887952137,-2.023900041,3.43732353,9.463973431,-0.647450316,13.27618833,-3.995328244,6.123450947,0.947542625,-6.613281348,-0.511262754,0.764976824,-1.155143735,2.351418773,7.344076522,6.443143733,3.735614132,4.442740288,4.141152838,1.981554122,-11.23075823
Guam,GUM,..,..,..,0.879314135,6.493789497,3.642316349,-3.652517275,0.717213115,2.034587996,0.438683948,2.263251936,0.077654824,2.13385063,1.690408357,1.793051924,0.825688073,0.181983621,0.890099909,-0.900252071,1.980377907,..
Guatemala,GTM,3.608868735,2.332574853,3.839287086,2.560377668,3.137916836,3.276026926,5.351397787,6.33771869,3.293524,0.476898107,2.884175428,4.163906883,2.974708568,3.694819199,4.443977583,4.092170816,2.677802555,3.079851491,3.322097997,3.866856575,-1.519328029
Guinea,GIN,2.503060562,3.658346471,5.164609466,1.24860126,2.340117313,2.997272562,1.189613767,6.817473228,4.133009273,-1.122641485,4.813362867,5.612108175,5.915288884,3.945683805,3.696541843,3.825921667,10.82062144,10.30000049,6.358491927,5.646175568,6.988559971
Guinea-Bissau,GNB,5.426987367,2.188906815,-0.985177525,0.568510176,2.76140199,4.266098931,2.309357998,3.262955456,3.203567307,3.368974958,4.6109709,8.084779734,-1.712683012,3.255904265,0.964560751,6.134082941,6.262805638,5.919176626,1.283736703,4.499999992,-2.399999999
Guyana,GUY,-1.363803903,2.279521659,1.132626962,-0.632225388,1.56335211,-1.950957595,5.12960934,7.191272927,1.605258868,3.877460611,3.779631771,5.339206232,5.382259989,3.653298082,1.686400111,0.687398061,3.807483433,3.734494656,4.440980724,5.352830787,43.47951463
Haiti,HTI,0.870059253,-0.334251278,0.924492705,3.359387776,-1.233191515,3.617614016,1.744562258,5.570125758,2.478297341,6.31289037,-3.805275685,6.154225158,0.553166536,3.085008621,3.401777226,1.616915115,1.722544838,2.286127252,1.667826664,-1.68198513,-3.373750496
Honduras,HND,7.291288159,2.723193273,3.754337861,4.547038052,6.232302961,6.050599222,6.567243552,6.188327167,4.23160011,-2.43162788,3.731140344,3.835690662,4.128687749,2.791559757,3.058080562,3.840079971,3.892972197,4.842913911,3.84499477,2.653066255,-8.964760184
"Hong Kong SAR, China",HKG,7.663462103,0.560880517,1.656652582,3.056254298,8.700065555,7.388176852,7.032611619,6.464804513,2.127917031,-2.459140302,6.767668588,4.814682268,1.700325218,3.101546766,2.762376595,2.387802316,2.169494388,3.791005986,2.846447939,-1.67975617,-6.081467784
Hungary,HUN,4.479191193,4.074092624,4.741283466,4.084523985,4.822853473,4.243622884,4.031013267,0.242181101,1.05828925,-6.699554137,1.12217825,1.937107794,-1.380623328,1.860751624,4.228950735,3.819428379,2.139995712,4.316780987,5.399709209,4.641297075,-4.956748517
Iceland,ISL,4.98504277,4.013497555,0.559519082,2.142688379,7.802399508,6.124438965,6.316993086,8.454860096,2.209496419,-7.66380956,-2.832774915,1.845779156,1.063636607,4.55246032,1.687215018,4.436663719,6.303687107,4.194948829,4.714813788,2.569012001,-6.649105413
India,IND,3.840991157,4.823966264,3.803975321,7.860381476,7.922936613,7.923430621,8.060732573,7.660815065,3.08669806,7.861888833,8.497584702,5.241315001,5.456388753,6.386106401,7.410227605,7.996253786,8.256305502,6.795383419,6.532989011,4.041554187,-7.964610411
Indonesia,IDN,4.920067747,3.643466447,4.499475391,4.780369122,5.030873945,5.692571304,5.500951785,6.345022227,6.0137036,4.628871183,6.223854181,6.169784208,6.030050653,5.557263689,5.006668426,4.8763223,5.033069183,5.069785901,5.17429154,5.018159715,-2.069543499
"Iran, Islamic Rep.",IRN,5.808898853,0.853698459,7.287152062,8.711978686,4.383944068,3.189804087,4.999795262,8.155773524,0.250856553,1.007385458,5.797938302,2.645717918,-7.44455703,-0.194073471,4.60341888,-1.32064512,13.39624262,3.755196452,-6.025971803,-6.78422367,1.66179376
Iraq,IRQ,16.92166569,1.761480089,-8.198469828,-36.65815267,53.38179418,1.671889622,5.646297801,1.885572141,8.228107104,3.379299094,6.402564845,7.5464712,13.93643017,7.628571185,0.19701671,4.722864019,13.78737302,-1.753660845,-1.213963399,4.445049635,-10.36509018
Ireland,IRL,9.413714404,5.310193448,5.899748945,3.000660705,6.782532149,5.736790257,4.991797639,5.318691807,-4.438432115,-5.074696445,1.773231442,0.601090918,0.127807516,1.226853576,8.640445512,25.17640232,1.993760193,9.129439947,8.516395723,5.565201165,3.417815527
Isle of Man,IMN,5.300001526,5.399999031,6.199998195,5.999999688,5.200003104,5.899999336,7.699998713,7.50000023,4.900001001,2.100000272,3.399998424,1.999999382,7.303757302,4.141718551,5.155303088,-0.385798408,6.952311475,2.837739696,2.213405599,..,..
Israel,ISR,7.546501633,0.099450952,0.04897357,1.123803391,4.20130921,3.829403549,5.593636168,5.742456602,2.999678667,0.925296246,5.58024614,4.626407467,2.430918053,4.199807588,3.92086116,2.218113151,3.826574872,3.555612725,3.479370319,3.450279281,-2.439985916
Italy,ITA,3.786955143,1.951371556,0.253942999,0.138626891,1.423594158,0.817848974,1.790639681,1.48707298,-0.962012841,-5.280937208,1.713295839,0.707333347,-2.980905768,-1.841065451,-0.004547542,0.778304351,1.293462732,1.667859041,0.941737193,0.287449937,-8.871146348
Jamaica,JAM,0.878703548,1.344929564,1.997290944,3.666317593,1.3237251,0.893797936,2.89912535,1.431954037,-0.811736703,-4.345301858,-1.457147209,1.730376267,-0.61363604,0.517686013,0.689822357,0.921487125,1.375223064,0.997123062,1.889923681,0.892291654,-10.2
Japan,JPN,2.779632825,0.406335903,0.117992777,1.528220148,2.204687882,1.662670405,1.420006556,1.654183881,-1.0935406,-5.416412797,4.191739259,-0.11542134,1.495089586,2.000267841,0.374719476,1.222921041,0.521944455,2.168290737,0.323207338,0.270308582,..
Jordan,JOR,4.245712344,5.269957377,5.783808113,4.161666999,8.567214798,8.146594891,8.092974944,8.176170351,7.232318964,5.023710073,2.314834221,2.737179886,2.429358001,2.609947375,3.384078099,2.496528793,1.994180849,2.087114551,1.934091701,1.955466358,-1.551384325
Kazakhstan,KAZ,9.800000002,13.5,9.8,9.3,9.600000001,9.699999999,10.7,8.9,3.3,1.199999999,7.3,7.400000001,4.8,5.999999999,4.200000001,1.2,1.1,4.1,4.1,4.5,-2.6
Kenya,KEN,0.599695392,3.779906496,0.54685953,2.932475546,5.104299776,5.906666082,6.472494299,6.850729771,0.232282746,3.306939815,8.405699224,6.10826372,4.563209131,5.878680567,5.357125644,5.718507131,5.8789493,4.805696525,6.318450702,5.365748965,-0.30749749
Kiribati,KIR,6.25,-1.470588235,3.787462687,2.006324636,-1.629360204,4.951631626,-0.049295323,2.034947265,-2.091436758,0.802751509,-0.923884657,1.594561102,4.713319136,4.214773912,-0.697828087,10.40540793,5.135383281,0.89150817,2.313157811,2.247365963,2.538071066
"Korea, Dem. People's Rep.",PRK,..,..,..,..,..,..,..,..,..,..,..,..,..,..,..,..,..,..,..,..,..
"Korea, Rep.",KOR,9.060833325,4.852399572,7.725142675,3.147291194,5.197391363,4.308542714,5.264326595,5.799548415,3.012984873,0.79269899,6.804824918,3.685667782,2.402530992,3.164708636,3.202453795,2.809103268,2.946881715,3.15963574,2.907403774,2.039348227,-0.957766224
Kosovo,XKX,..,26.97391478,-0.700947078,5.98014461,2.612125722,6.033231085,4.503032553,7.286082491,6.304897119,3.597140182,3.30863394,4.377008217,2.809624622,3.441470903,1.222800835,4.095282845,4.070291293,4.226086496,3.813314743,4.941931623,-6.888013195
Kuwait,KWT,4.694581871,0.213332576,3.014283152,17.32602042,10.24029806,10.60904498,7.514773,5.991575511,2.479756943,-7.076056431,-2.37026412,9.628406975,6.6258183,1.149300437,0.500876982,0.593019617,2.925868226,-4.712106209,1.246129323,0.427464008,..
Kyrgyz Republic,KGZ,5.443336633,5.321621422,-0.017324602,7.030293201,7.026812415,-0.175515413,3.102898745,8.542874764,8.40161606,2.886294575,-0.471566601,5.956274309,-0.088150201,10.91546945,4.024038626,3.875825448,4.335855917,4.739937225,3.757910128,4.600625657,-8.616551018
Lao PDR,LAO,5.798782326,5.751412882,5.918743682,6.067002304,6.35769548,7.107568369,8.619266209,7.596828801,7.824902763,7.501774913,8.526905517,8.038652681,8.026098434,8.026300226,7.611963441,7.270065843,7.022836255,6.892530873,6.247960008,5.457735092,0.439513531
Latvia,LVA,5.671974915,6.32281135,7.082788433,8.434475033,8.501267505,10.7250863,11.98636285,10.02709965,-3.32730004,-14.25971859,-4.406823636,6.46884995,4.251723048,2.310176076,1.073634087,4.006874033,2.372924128,3.25072029,4.024311045,2.02711322,-3.623683916
Lebanon,LBN,1.341871619,3.839669278,3.423149827,3.227098269,6.679444617,2.68577931,1.549515002,9.310622525,9.069128269,10.23215558,7.975135559,0.867339877,2.540542492,3.811023284,2.461361188,0.211611959,1.529520107,0.850699559,-1.926404771,-6.7,-20.29999319
Lesotho,LSO,3.875546814,3.561582191,0.723835961,4.559776811,1.692374206,3.466122481,4.230094854,4.187914418,5.522028201,-1.255514626,5.266280653,4.614252238,6.334821701,1.792531445,1.710544004,3.127557724,3.588364597,-3.141949946,-1.223137311,-0.381431982,-11.06099374
Liberia,LBR,..,2.920272969,3.763018282,-30.14513259,2.619847686,5.281212071,8.043906248,9.535279869,7.145688998,5.300539377,6.099827602,8.20076584,7.993815693,8.704028066,0.701143912,0,-1.599584075,2.468626095,1.222551313,-2.278245125,-2.870722428
Libya,LBY,3.679213293,-1.762878168,-0.958849381,13.01600108,4.461629982,11.87072893,6.500547227,6.352316994,2.66735579,-0.790141832,5.021289739,-62.07591958,123.1395552,-13.59999997,-24.00000003,-8.862039363,-2.79546889,26.68090263,15.13279989,2.535953478,-31.3
Liechtenstein,LIE,3.220193082,-0.733092455,-0.993919947,-1.937565341,3.039172103,4.828076777,8.644968573,3.325963509,1.798088478,-1.15748292,..,..,..,..,..,..,..,..,..,..,..
Lithuania,LTU,3.695525421,6.526108902,6.751414576,10.56595699,6.569490118,7.732367604,7.414121335,11.10748014,2.614423033,-14.83860837,1.651240653,6.03900816,3.843864749,3.550072843,3.537009879,2.024583955,2.518828273,4.282596951,3.936845901,4.338861033,-0.87190554
Luxembourg,LUX,8.23980206,2.531974812,3.819469333,1.629285585,3.612178658,3.172441709,5.178484602,8.354554069,-1.279586241,-4.358606547,4.864968979,2.539235768,-0.352520089,3.654371342,4.296786305,4.306431493,4.574601051,1.801180955,3.110836266,2.296978816,-1.313204543
"Macao SAR, China",MAC,5.747116004,2.888188895,8.911023241,11.64021569,26.63066969,8.075614408,13.3902834,14.47677323,3.39130334,1.274149446,25.12291651,21.61647486,9.242247226,10.75279792,-2.048265666,-21.49264721,-0.674489248,9.982505239,6.466006544,-2.628861476,-56.30824513
Madagascar,MDG,4.456858938,5.980235764,-12.4079711,9.784892121,5.257003621,4.755845097,5.39850845,5.710564197,6.71263895,-3.978708646,0.619229746,1.578429421,3.011146408,2.300386934,3.339202244,3.132295888,3.993146085,3.933316171,3.2,4.4,-4.200002074
Malawi,MWI,1.576077837,-4.974963846,1.700000014,5.705639437,5.420497694,3.268725828,4.699999992,9.600000003,7.639736774,8.328110276,6.874065635,4.854055109,1.885799507,5.199999998,5.700000004,2.799999999,2.484040626,4.000030517,4.420621465,5.721106077,0.8
Malaysia,MYS,8.85886817,0.517675319,5.390988307,5.788499286,6.783437724,5.332139161,5.584847067,6.298785927,4.831769889,-1.513528716,7.424847383,5.293912834,5.473454193,4.693722526,6.006721946,5.091532422,4.449781398,5.81272241,4.769927024,4.302815982,-5.587744678
Maldives,MDV,3.845810392,-3.943634354,7.268386313,13.75004982,6.033754049,-13.12905343,26.1114935,7.713867271,9.485332661,-7.228841465,7.265129068,8.566733531,2.517383942,7.281073979,7.329626203,2.88454853,6.33752979,7.210479788,8.128813661,6.98667554,-31.98206371
Mali,MLI,-0.060834972,15.37623946,3.106308252,9.119041995,1.559998661,6.534778775,4.662186878,3.493616813,4.773145081,4.806322267,5.313935279,3.21313378,-0.836734632,2.29506829,7.084683881,6.171800024,5.852299199,5.305456084,4.746484327,4.765860521,-1.649261401
Malta,MLT,19.6812701,-1.174697348,2.565263253,4.07406885,0.140268127,3.383593576,2.510142345,4.7747056,3.826359416,-1.133873468,5.543639385,0.467050856,4.117707299,5.473355695,7.633538112,9.608132811,4.090917429,8.119425289,5.179224796,5.539566337,-7.001129615
Marshall Islands,MHL,1.354079109,6.826085172,3.741452132,-1.615875909,0.949293706,2.35344276,-0.350859671,3.230407049,-6.179590788,3.184525712,6.668641057,-0.612309009,-2.295210414,4.017979699,-0.950334665,1.613921462,1.029898109,3.382740806,3.34508051,6.529003345,..
Mauritania,MRT,-3.918025879,-0.799493816,1.381483962,6.928269551,4.732757925,8.566287249,18.33319876,-1.969422752,-0.331079195,0.097875872,2.620229521,4.172783283,4.470013182,4.150813186,4.274823271,5.376339237,1.260909224,3.497175006,2.115267637,5.931442105,-1.488487214
Mauritius,MUS,8.202791783,3.347540711,1.614918645,5.925445489,4.330019872,1.777543037,4.865544591,5.727016142,5.38696257,3.315076989,4.377203239,4.077538074,3.496118338,3.360406103,3.744575773,3.55307173,3.837932629,3.814152115,3.759677231,3.014762911,-14.86783129
Mexico,MEX,4.942453715,-0.404390127,-0.039844481,1.446382684,3.92059081,2.307807066,4.495077894,2.291445714,1.143584587,-5.285744137,5.118118143,3.66300793,3.642322679,1.354091962,2.849773255,3.293151528,2.630532425,2.113129135,2.194992049,-0.054527928,-8.239473277
"Micronesia, Fed. Sts.",FSM,4.833903786,2.167602441,0.546997672,1.572115067,-3.080153047,2.041867164,-0.081055293,-1.836185294,-2.408492587,1.093099241,2.259389956,3.188574755,-1.866819755,-3.679767791,-2.305775745,4.621884004,0.900180417,2.682185944,0.2116536,1.20028899,..
Moldova,MDA,2.107716048,6.100000413,7.799999641,6.600000038,7.39999969,7.500000139,4.79999985,3.00000024,7.800000145,-6.000000289,7.100000084,5.818166405,-0.589734126,9.043865482,4.999625669,-0.338235324,4.408886724,4.69079339,4.301477742,3.580484271,-6.969046296
Monaco,MCO,3.910229226,2.187732536,1.026495079,1.087536596,2.470484448,1.895415281,5.803936536,14.42889902,0.666834793,-11.30000062,2.099999899,7,1.000000923,9.599998464,7.200000717,4.899999169,3.500001391,-3.40000081,6.100000475,7.5,..
Mongolia,MNG,1.146062137,2.952710544,4.732978465,7.004634575,10.62540596,7.25366544,8.556234809,10.24801636,8.900367946,-1.268598941,6.365161685,17.29077758,12.31981985,11.64891619,7.885225482,2.379835807,1.168393456,5.337037933,7.246629636,5.159070603,-5.335552017
Montenegro,MNE,3.100000184,1.099842719,1.90393392,2.482659361,4.426052958,4.180601527,8.566419508,6.810150491,7.222790871,-5.795094085,2.734374433,3.228418728,-2.723799564,3.548984342,1.78368226,3.39035841,2.949340815,4.716438739,5.077865034,4.062955413,-15.15898443
Morocco,MAR,1.912872981,7.319967454,3.121449656,5.961162155,4.797018362,3.291639684,7.574631645,3.531594152,5.923277686,4.243757321,3.815717917,5.245697297,3.009961262,4.5354242,2.669493927,4.536378168,1.05985639,4.248949211,3.148502644,2.481905132,-7.117232169
Mozambique,MOZ,1.180300789,12.0868744,9.291051885,6.878532872,7.916407836,6.645908281,9.694374092,7.729746242,7.317755324,6.318197232,6.502353115,7.417384316,7.258439253,6.963607135,7.398512797,6.72327878,3.824214319,3.741317593,3.44381384,2.292736927,-1.281886972
Myanmar,MMR,13.74593056,11.34399707,12.02551343,13.84399689,13.56466162,13.56895002,13.07610138,11.99143524,10.25530539,10.5500091,9.634439452,5.591482378,7.332670447,8.426001025,7.990915597,6.99284029,5.7500645,6.404977325,6.750460146,1.69442381,-9.992044686
Namibia,NAM,3.492183328,1.177948745,4.788661255,4.239794289,12.2695481,2.529262602,7.0731753,5.374044174,2.649812009,0.295970945,6.039249491,5.091338114,5.061682087,5.614719617,6.092519139,4.264174529,0.033794488,-1.027250823,1.108049093,-0.60608576,-7.983543825
Nauru,NRU,..,..,..,..,..,0,6.060606061,-22.85714286,22.22222222,9.090909091,11.11111111,10,11.36363636,30.6122449,26.5625,3.703703704,3.571428571,-5.747126437,6.097560976,0,..
Nepal,NPL,6.199999988,4.799892149,0.120143175,3.945037767,4.682603245,3.479181046,3.364614788,3.411560276,6.104639142,4.53307872,4.81641465,3.421828241,4.438493505,3.525153171,6.011482843,3.976053272,0.433113719,8.977279356,7.622376105,6.657055428,-2.088378695
Netherlands,NLD,4.195642498,2.326955087,0.217273595,0.155645898,1.984945714,2.050876108,3.460988954,3.772842521,2.170324851,-3.666883937,1.342739336,1.551189312,-1.030353991,-0.130175288,1.423395395,1.959169721,2.191713719,2.910902513,2.360915095,1.677418368,-3.741328235
New Caledonia,NCL,2.100108842,..,..,..,..,..,..,..,..,..,..,..,..,..,..,..,..,..,..,..,..
New Zealand,NZL,2.905022988,3.464846662,4.674401833,4.54980201,4.028139435,3.321144113,2.880937844,3.027510555,-1.115041324,-0.135169931,1.527994135,2.256736921,2.24064087,2.695783859,3.813831016,3.707375818,3.730079893,3.613281553,3.20574788,1.633932613,0.981029013
Nicaragua,NIC,4.101590155,2.960843554,0.753938895,2.520732899,5.312170527,4.282398312,4.152323187,5.075817499,3.435572996,-3.29204088,4.40884491,6.317524825,6.496747299,4.926792269,4.785170747,4.793318181,4.562313014,4.631383681,-3.363705717,-3.674259061,-1.977329393
Niger,NER,-1.208477743,7.268134903,4.918470578,2.170610381,0.36380158,7.331868841,5.931049974,3.142724084,7.731414229,1.962600905,8.578166743,2.357756936,10.54894458,5.315130636,6.642136654,4.392648832,5.709274187,4.999097165,7.219172668,5.90279179,1.500005543
Nigeria,NGA,5.015934757,5.917684652,15.32915574,7.34719497,9.250558228,6.438516525,6.059428031,6.591130361,6.764472778,8.036925102,8.005655915,5.307924204,4.230061175,6.671335393,6.309718656,2.652693295,-1.61686895,0.80588662,1.922757342,2.208429277,-1.794253082
North Macedonia,MKD,4.549135783,-3.067256625,1.493665472,2.222601657,4.67408958,4.724088642,5.137025162,6.473486858,5.47200139,-0.358614857,3.358750858,2.339886045,-0.456183224,2.925257665,3.629123513,3.85586514,2.848205194,1.081772738,2.88059671,3.17415085,-4.531995024
Northern Mariana Islands,MNP,..,..,..,0.343170899,-3.077975376,-12.70289344,-6.871463217,-6.684027778,-11.06976744,-17.57322176,1.395939086,-7.384230288,0.810810811,2.680965147,4.177545692,3.383458647,29.21212121,23.17073171,-19.34501142,-11.14258735,..
Norway,NOR,3.204979222,2.074790394,1.44625414,0.910105664,3.96941456,2.625419938,2.399828426,2.994251851,0.476379999,-1.727020309,0.701833824,0.981434479,2.703109471,1.034072914,1.969544301,1.967128438,1.071558977,2.323258407,1.118828827,0.851897614,-0.762477535
Oman,OMN,6.551066393,4.482802283,-1.10090483,-2.668591212,1.292205037,2.490221492,5.371888789,4.452684151,8.200077978,6.112395533,1.71398521,2.658868673,9.045042934,5.104799427,1.458555782,4.630374517,5.097067605,0.346322041,0.919398934,-0.825239185,..
Pakistan,PAK,4.260088011,3.554418216,2.508337724,5.777033992,7.546860015,6.518778074,5.898984441,4.832817277,1.701405465,2.831658519,1.606688629,2.748405917,3.50703342,4.396456633,4.674707981,4.731147475,5.526735845,5.554277437,5.836417498,0.98882944,0.525527439
Palau,PLW,..,6.4401233,3.579391408,-3.263369863,4.856009146,3.959868893,-0.405653116,2.021153899,-5.781917893,-6.590462376,0.216072674,6.683682862,1.672602595,-3.387316396,6.293847377,7.539069794,-0.08336373,-1.916360453,4.058885124,-4.247302016,..
Panama,PAN,2.715374155,0.574272791,2.229149417,4.205495945,7.522079658,7.191279402,8.652465611,11.98398539,9.855654852,1.242992318,5.827839392,11.31373175,9.778545547,6.903948051,5.066422355,5.733054296,4.953211423,5.591148876,3.598112758,3.039750211,-17.94933167
Papua New Guinea,PNG,-2.494841993,-0.121288606,-0.158900533,2.164102502,2.721175741,6.344795923,5.409944091,7.815189229,-0.296457846,6.800421483,10.12845407,1.107543626,4.657119597,3.824946328,13.54377062,6.578356323,5.489573153,3.534610818,-0.279252285,5.859794197,-3.878818537
Paraguay,PRY,-2.314140568,-0.834054717,-0.021404395,4.320745486,4.057418364,2.133490665,4.807117193,5.421622872,6.49629212,-0.261137328,11.09523127,4.286371207,-0.708043112,8.293076489,5.301238592,2.957151735,4.268025833,4.810078856,3.204250341,-0.401855101,-1
Peru,PER,2.694371398,0.617892326,5.453528938,4.165023137,4.958203206,6.285060325,7.528899044,8.518387769,9.126568301,1.095823659,8.332459107,6.327192402,6.139724706,5.852518211,2.382157372,3.252244772,3.953318715,2.518835442,3.96915687,2.203974749,-11.14881188
Philippines,PHL,4.411222159,3.049231345,3.716255002,5.086911135,6.569228512,4.942505119,5.316416821,6.51929155,4.344487305,1.448323063,7.33449996,3.858232828,6.896951711,6.750531301,6.347987483,6.348309717,7.14945675,6.930988326,6.341485571,6.118525663,-9.573029875
Poland,POL,4.561025468,1.258472694,2.035903501,3.498399184,4.982822123,3.506847453,6.131143946,7.061543813,4.199962292,2.832184589,3.740517779,4.757638004,1.324890828,1.125767836,3.378578073,4.236326306,3.141731229,4.83065457,5.353704746,4.540919514,-2.701709195
Portugal,PRT,3.816178063,1.943672296,0.770924024,-0.930521193,1.788735682,0.781848216,1.625034176,2.506579646,0.319247925,-3.12207942,1.737625476,-1.696164781,-4.057293608,-0.922644675,0.792190302,1.792046046,2.019485396,3.506345285,2.849326461,2.488958606,-7.563616423
Puerto Rico,PRI,3.271964529,6.313471555,0.916459384,0.053419805,8.748676927,-1.986938733,-1.409414024,-1.16280669,-1.84413425,-1.952425142,-0.413254118,-0.358510628,0.02927511,-0.306826657,-1.190363454,-1.049443651,-1.263002925,-2.885954759,-4.147474747,1.484814635,-3.903305193
Qatar,QAT,..,3.898186662,7.18215168,3.719958677,19.21891534,7.492758483,26.17024567,17.98565682,17.66355636,11.95656113,19.59233153,13.37517642,4.730011832,5.556040641,5.334323299,4.753345721,3.064191883,-1.49760469,1.234872192,0.774808391,-3.667835526
Romania,ROU,2.461263459,5.218136257,5.70299165,2.341147329,10.42811302,4.668148051,8.028811076,7.233807744,9.307467171,-5.517394408,-3.90123628,1.906067707,2.040665131,3.770962304,3.608723653,2.953674037,4.702997747,7.319448529,4.474523775,4.127450998,-3.859373593
Russian Federation,RUS,10.00006682,5.100051225,4.699991909,7.299952345,7.19994787,6.399965448,8.200068255,8.499977768,5.199969265,-7.799993913,4.5,4.300029186,4.024086157,1.755422149,0.736267221,-1.972719226,0.193690072,1.825790064,2.80724541,2.032982739,-2.951273899
Rwanda,RWA,8.37091824,8.484564136,13.19207266,2.202365531,7.447679676,9.377899425,9.227077874,7.633281208,11.16124324,6.248259929,7.334656108,7.958406046,8.641500169,4.719854196,6.167166701,8.856844355,5.970744298,3.976289694,8.579424541,9.460682482,-3.355472122
Samoa,WSM,6.918794454,6.939761793,4.343996108,4.515482455,4.625000762,4.156489543,1.968808341,6.322644804,1.009087755,-4.808273849,0.479158678,4.173393458,-4.08872377,-0.418844399,0.078245335,4.272188528,8.054160438,1.044879689,-2.063273066,3.580625558,-2.742567396
San Marino,SMR,2.179379715,5.578342904,0.310800311,3.872966692,4.548844146,2.42510699,3.830083565,7.109322602,-0.500939261,-10.32095658,-5.473684211,-8.314773571,-7.044534413,-0.783972125,-0.7023705,2.291505561,2.344405861,0.258265466,1.544761129,2.374701565,..
Sao Tome and Principe,STP,..,..,2.37687824,6.573476922,3.832223902,7.093773747,9.115642105,3.253605149,8.186174056,2.426282361,6.671983657,4.398202015,3.14197646,4.814792654,6.549934955,3.911337989,4.164768974,3.848980918,2.945268909,2.210855833,3.089725555
Saudi Arabia,SAU,5.625416143,-1.210743863,-2.819174404,11.24206139,7.958441664,5.573850121,2.788402228,1.847130252,6.249772755,-2.05924919,5.039484027,9.996846554,5.411444902,2.699254723,3.652481698,4.10640887,1.670624758,-0.741502653,2.434110781,0.331435729,-4.106583412
Senegal,SEN,3.887210958,4.310851466,0.068696575,5.593950945,4.643293937,4.310238526,2.330770983,2.827119201,3.703169064,2.752104485,3.390889253,1.33409108,4.002995551,2.412385276,6.224074438,6.367043651,6.356068572,7.407486186,6.209241034,4.402406836,0.870408532
Serbia,SRB,6.13181309,6.878774765,6.380405304,4.387757023,9.028196928,5.530347121,5.107790141,6.439525554,5.655576622,-2.731751989,0.731044553,2.036276689,-0.681542369,2.892636734,-1.58951032,1.806059265,3.338586765,2.101163847,4.495121293,4.24851344,-0.979714616
Seychelles,SYC,1.514338815,-2.271162762,1.212831267,-5.887127528,-2.850453659,9.005761428,9.40612788,10.42143611,-2.146892655,-1.105245793,5.954962469,7.887279597,1.260828834,6.018076825,4.504785244,4.937385619,4.562623278,4.821336987,1.327618768,1.552403379,-10.72048707
Sierra Leone,SLE,6.652727885,-6.345455153,26.4173166,9.313120969,6.59794486,4.505095672,4.223914279,8.058145152,5.39828521,3.188051216,5.346466052,6.315045036,15.18176908,20.71576829,4.556772366,-20.59877072,6.055474029,4.211182649,3.446162621,5.600483383,-2.162497231
Singapore,SGP,9.039146751,-1.069015885,3.914609745,4.535779654,9.819591677,7.359033677,9.00514373,9.022133014,1.868245534,0.120982742,14.52563899,6.337870814,4.461608951,4.837298646,3.938002729,2.988520676,3.329034458,4.520379476,3.497469601,1.345217486,-5.391021406
Sint Maarten (Dutch part),SXM,..,..,..,..,..,..,..,..,..,..,3.199994022,4.600002996,1.39054667,1.306727883,1.580384638,0.4,0.5,-5.8,-6.6,..,..
Slovak Republic,SVK,1.166528247,3.253782729,4.509444001,5.499082151,5.278879991,6.623463215,8.493177587,10.83202883,5.574886362,-5.455533231,5.871256109,2.847218178,1.896742271,0.666535042,2.641589746,4.81489967,2.132727784,2.989520318,3.650123358,2.511588141,-4.754325341
Slovenia,SVN,3.67237155,3.216560335,3.505598057,2.960260286,4.359192778,3.797972642,5.746396901,6.980160755,3.509841517,-7.548437791,1.343748472,0.861327733,-2.639438757,-1.029282772,2.768158831,2.210081607,3.191852518,4.79354876,4.384501721,3.184341624,-5.532207845
Solomon Islands,SLB,-14.27513698,-7.963378822,-2.796546547,6.526356439,6.652166032,5.540448674,4.863123994,4.453316953,5.807115554,2.556620814,8.616718602,7.2720469,1.860465116,5.331050228,1.051262599,1.415701416,5.879864636,5.343587695,3.94424955,1.204049986,-4.317260027
Somalia,SOM,..,..,..,..,..,..,..,..,..,..,..,..,..,..,2.363823227,3.463855422,2.886948083,1.391181325,2.790697674,2.895927602,-1.495162709
South Africa,ZAF,4.200003476,2.699994567,3.700382352,2.949079137,4.554552745,5.277056312,5.603797657,5.360475891,3.191046741,-1.538089334,3.039730814,3.284168142,2.213354808,2.4852005,1.846991604,1.193732801,0.39908793,1.414512626,0.78705557,0.152583317,-6.959604452
South Sudan,SSD,..,..,..,..,..,..,..,..,..,5.04164188,5.493416395,-4.640316736,-46.08212237,13.12973114,3.373648477,-10.79336463,..,..,..,..,..
Spain,ESP,5.24599468,3.932948843,2.731022232,2.981894836,3.122795242,3.652032674,4.102727115,3.604687971,0.887145182,-3.763231927,0.163010231,-0.814373455,-2.959441302,-1.435394259,1.383907943,3.83517266,3.03130133,2.973641191,2.430047145,1.950126894,-10.83894734
Sri Lanka,LKA,6.00003316,-1.545408134,3.964675686,5.940269078,5.445061278,6.241748045,7.6682919,6.796826119,5.950088145,3.538912053,8.015967371,8.404733021,9.144572246,3.39573265,4.960700592,5.007683305,4.486634531,3.578169679,3.272000479,2.255176529,-3.569076137
St. Kitts and Nevis,KNA,10.04280842,5.25344983,1.367715073,-3.93339486,3.996346661,9.732820703,3.149788354,0.600605778,6.121597843,-4.047892071,-0.609318192,1.828435302,-2.228012307,5.383690734,6.284804235,1.033704225,2.826378868,-1.977829212,2.924450454,2.054103135,-10.74339098
St. Lucia,LCA,0.048748554,-3.408063962,0.416450493,4.264611487,7.26740887,-0.410304726,6.195257291,1.691618574,4.94932194,-2.828899548,1.603862385,5.483411333,-0.19985174,-3.174377604,1.758665901,-1.360484662,3.986868948,3.48884866,2.639462354,1.728838432,-20.21154919
St. Martin (French part),MAF,..,..,..,..,..,..,..,..,..,..,..,..,..,..,..,..,..,..,..,..,..
St. Vincent and the Grenadines,VCT,1.639033243,1.709991316,6.32121541,7.689536647,4.156329273,2.488357778,7.687938632,3.342810895,1.584489485,-2.099141864,-3.353369,-0.419296168,1.382087412,1.832976653,1.21403892,1.330275498,1.897440944,1.000357879,2.163128944,0.494924137,-2.728124332
Sudan,SDN,6.345867769,6.500360421,6.427273901,7.734591717,3.883307291,7.489738142,10.064308,11.52191003,7.801963334,3.241847572,3.469317028,-0.016809789,0.688184602,6.796873463,7.043121941,4.009848018,3.574763158,4.674112518,2.817443643,-1.32642451,-1.5621618
Suriname,SUR,2.09999866,4.20000005,2.800000889,6.299999082,8.500000274,4.500000692,5.793543589,5.111487808,4.143406525,3.01369863,5.168825162,5.849367784,2.690350057,2.93344123,0.255503145,-3.411095864,-4.915786469,1.567191065,4.948270766,1.098467778,-14.5
Sweden,SWE,4.766348871,1.449498618,2.196921062,2.30981059,4.336856154,2.85880324,4.662773552,3.439221776,-0.450559257,-4.339790575,5.952107008,3.195333235,-0.588304569,1.187775716,2.657798275,4.489281588,2.070593151,2.567924525,1.950022846,1.369856989,-2.817819572
Switzerland,CHE,3.976409234,1.575817262,-0.005506463,-0.046846373,2.821528115,2.882638434,4.015007608,3.995722246,2.755511436,-2.07963322,3.268101656,1.920445985,1.217193657,1.821667791,2.446845157,1.657768711,2.045186469,1.584819616,3.013405102,1.081930843,-2.870251911
Syrian Arab Republic,SYR,2.742857397,5.20094281,5.9,0.6,6.900000004,6.2,4.999999998,5.699999996,..,..,..,..,..,..,..,..,..,..,..,..,..
Tajikistan,TJK,8.324324495,9.580836178,10.80000376,10.99999908,10.29999894,6.699998517,7.000003211,7.800000119,7.899998272,3.900001148,6.499999086,7.4000006,7.499999463,7.399999747,6.70000069,5.999999264,6.89999962,7.100001403,7.599999387,7.399999638,4.499999517
Tanzania,TZA,4.520784635,6.070808288,7.093194984,6.672789829,7.50381466,7.476319258,6.53222139,6.768535202,5.68641686,5.269105248,6.336523427,7.672155435,4.50015356,6.781585601,6.732461868,6.160628774,6.867116196,6.785680114,5.444967632,5.791371376,2.003858269
Thailand,THA,4.455247043,3.44424901,6.149036052,7.189243303,6.289342143,4.187638429,4.967810892,5.435151691,1.725698849,-0.690618232,7.513390533,0.840132083,7.242796202,2.687495563,0.984468864,3.134047249,3.435157717,4.177681032,4.189585496,2.266433672,-6.087220285
Timor-Leste,TLS,..,16.34768915,-6.700689283,-2.182275573,0.400003531,3.018182523,-4.106163715,10.22882431,11.33596537,9.989625539,9.459876642,5.805105362,6.021571005,2.119224319,4.449568823,2.910035015,3.36489797,-4.103609745,-1.053902251,18.7235248,-8.702548486
Togo,TGO,-0.78347961,0.823438749,3.826622582,6.720171421,-0.978665336,-4.666299379,2.650132097,-1.175120389,4.062252828,5.537910972,6.099259161,6.398199052,6.543507031,6.112343078,5.920588571,5.742868453,5.559079306,4.347748238,4.9762131,5.459921448,1.752800749
Tonga,TON,0.875990063,3.748925693,4.848012814,2.308045494,-2.410700609,0.081033894,-0.148635323,0.271095291,4.750169656,-5.199109037,0.803490183,6.818276144,0.823102718,0.312307909,2.01870046,1.171888256,6.571000501,3.322432544,0.300009404,0.734030017,..
Trinidad and Tobago,TTO,6.901359591,4.168523982,7.936709687,14.44098954,7.950051511,6.20893788,13.20805861,4.754209701,3.391737078,-4.391729247,3.32322471,-0.294354409,1.269964365,2.229074805,-0.912544969,1.483781034,-5.601818139,-2.987340197,0.066049775,-1.246427336,-7.831876497
Tunisia,TUN,4.709972903,3.796271547,1.322557147,4.702399649,6.235790615,3.486545622,5.244099762,6.709521019,4.237781547,3.043450093,3.511164066,-1.917695771,4.088550139,2.821657051,2.872822672,1.165860578,1.249338582,1.918055729,2.663592389,1.043261757,-8.600310283
Turkey,TUR,6.933239705,-5.750006555,6.447722047,5.763206067,9.795936389,8.992304936,6.947988086,5.043507932,0.815024573,-4.823153953,8.427104323,11.20011058,4.788492711,8.485816997,4.939715161,6.084486904,3.323084208,7.501997489,2.958966728,0.916534796,1.756650763
Turkmenistan,TKM,5.469064133,4.343845714,0.257179925,3.26882856,5.000407438,13.03403487,10.97330833,11.05929947,14.7,6.100000115,9.199999988,14.69999993,11.09999996,10.2000001,10.29999997,6.49999991,6.199999966,6.500000047,6.199999941,6.3,..
Turks and Caicos Islands,TCA,..,..,..,..,..,..,..,..,..,..,..,..,-0.972299355,1.070877013,8.711296582,11.31483413,7.25118055,-2.490218992,5.610956374,5.324551483,-26.80000429
Tuvalu,TUV,-0.970599814,1.634107644,7.886174359,-3.333536533,-1.352181114,-3.779729962,2.138938329,6.350564875,7.983260905,-4.432851394,-2.729427912,7.515954206,-3.835748821,4.576823704,1.348012682,9.142893933,3.034723153,4.094017717,2.5,9.756097561,4.4
Uganda,UGA,3.141907338,5.183661126,8.732685764,6.473258672,6.807233344,6.332565116,10.78474439,8.412425965,8.708751901,6.801517348,5.637611638,9.391655493,3.837455606,3.586905826,5.106307324,5.187859863,4.781000291,3.809129029,6.162619139,6.803326813,2.857581274
Ukraine,UKR,5.899999999,9.203694816,5.24934062,9.515923065,12.10876949,2.997300112,7.439917934,7.593520408,2.304024911,-14.75856217,3.834392505,5.465501846,0.238681721,-0.02669789,-6.552631294,-9.772960791,2.235067619,2.466035625,3.405295518,3.221483145,-4.020317714
United Arab Emirates,ARE,10.85270421,1.39908503,2.43345681,8.800540815,9.566436637,4.855141196,9.837319773,3.184390174,3.191836276,-5.242921907,1.602809961,6.930271629,4.484626085,5.053345825,4.284303686,5.105936984,3.060964308,2.37353671,1.189855638,1.677720373,..
United Kingdom,GBR,3.506217426,2.730335651,2.178744368,3.321881725,2.286278175,2.955691743,2.693800367,2.360575861,-0.278780161,-4.113949331,2.074050953,1.275708411,1.430396029,2.186113352,2.862728671,2.363069511,1.722385904,1.740309443,1.252590613,1.370814722,-9.790240362
United States,USA,4.127484017,0.998340792,1.741695251,2.861210768,3.798891125,3.513213799,2.854972294,1.876171454,-0.136579803,-2.536757067,2.56376656,1.550835505,2.249545852,1.842081071,2.525973446,3.07551465,1.711426774,2.332679395,2.996464352,2.161176515,-3.486139557
Uruguay,URY,-1.929930638,-3.844129949,-7.732007206,0.805283915,5.004160334,7.460132138,4.098577364,6.541510842,7.176144668,4.243494175,7.803409666,5.162133029,3.538178707,4.637538641,3.238791217,0.370741265,1.689798164,1.627753973,0.477907184,0.350447153,-5.858721243
Uzbekistan,UZB,3.834999999,4.16383825,3.973488192,4.232627382,7.449000605,6.950007197,7.451418476,9.473005305,9.029161017,8.050933328,7.597167961,7.784905864,7.375687986,7.584537849,7.17939955,7.447705075,6.094210239,4.46152609,5.446444862,5.79837496,1.647797102
Vanuatu,VUT,5.924809057,-3.397582489,-5.198318759,4.288335117,3.987392802,5.305326473,8.465159865,2.871659844,5.602991462,3.037246028,1.260681797,3.137874086,1.010029914,0.468608459,3.12624625,0.371578452,4.688677823,6.315604199,2.900230273,3.264589732,-9.235328461
"Venezuela, RB",VEN,3.686944167,3.394236108,-8.855647353,-7.75530005,18.28660669,10.3179138,9.872149109,8.753578808,5.277854124,-3.202302657,-1.488791251,4.176425359,5.625956975,1.343094036,-3.894386475,..,..,..,..,..,..
Vietnam,VNM,6.787316408,6.192893312,6.320820988,6.899063492,7.536410612,7.547247727,6.977954812,7.129504484,5.661771208,5.397897543,6.423238217,6.240302749,5.247367156,5.421882991,5.983654637,6.679288789,6.210811668,6.81224566,7.075788617,7.017434882,2.905835584
Virgin Islands (U.S.),VIR,..,..,..,-0.334104343,2.939659618,3.632264529,3.625815809,4.03545603,0.941704036,-6.64149267,0.904116108,-8.158453195,-15.01925546,-5.83081571,-0.866217517,0.258899676,1.129761136,-0.606447494,1.509312781,..,..
West Bank and Gaza,PSE,-8.556183291,-9.310638168,-12.48919176,14.01586549,21.92523949,11.29065118,-0.996556103,3.788281521,7.429182255,8.593490879,5.777362056,9.600808489,6.096456563,4.698569866,-0.157866651,3.721299671,8.86461882,1.419367563,1.227077378,1.362687466,-11.45745151
"Yemen, Rep.",YEM,6.181915593,3.803645872,3.935231505,3.747398185,3.972696401,5.591748076,3.170409359,3.338427956,3.64756947,3.866229516,7.70230704,-12.71482302,2.392885682,4.823414981,-0.188573712,-27.99454625,-9.375123818,-5.071795639,0.75244741,..,..
Zambia,ZMB,3.897322943,5.316868274,4.50601428,6.944973982,7.032395115,7.235599007,7.903694445,8.352436244,7.773895815,9.220348406,10.29822332,5.564602337,7.597593211,5.05723174,4.697992363,2.920375112,3.776679146,3.504336096,4.034378235,1.441784548,-3.016188903
Zimbabwe,ZWE,-3.059189762,1.439615384,-8.894023633,-16.99507469,-5.807538055,-5.71108368,-3.461495192,-3.653326859,-17.66894629,12.01955993,19.67532314,14.19391296,16.66542877,1.989492762,2.376929327,1.779872703,0.755869251,4.699399849,3.497159535,-8.1,-8
